{"_runtime":493,"train/loss_step":0.5466430187225342,"_wandb":{"runtime":493},"trainer/global_step":14374,"train/loss_epoch":0.5202010273933411,"_timestamp":1.7633082241398003e+09,"_step":688,"lr-AdamW":0.00012054275252051925,"epoch":114}