{"train/loss_step":0.5466430187225342,"_timestamp":1.7633144404553778e+09,"lr-AdamW":0.00012054275252051925,"train/loss_epoch":0.5202010273933411,"epoch":114,"_step":688,"_wandb":{"runtime":410},"trainer/global_step":14374,"_runtime":410}